age,income,education,target
58,43725.81115622523,Master,0
48,45046.107570687534,PhD,0
34,54188.39413868487,Master,1
27,46107.11808272507,Master,0
40,37650.55606462587,High School,0
58,39006.441751679115,PhD,0
38,55377.65958406955,PhD,1
42,36412.8848543794,Master,0
30,63971.64427548811,High School,1
30,43096.0071569825,PhD,0
43,56162.15816968061,Bachelor,1
55,43695.87375970366,Master,0
59,40847.58620003635,PhD,0
43,52461.03682290182,Bachelor,1
22,60517.834670159005,PhD,1
41,47526.322491398954,Bachelor,0
21,49345.2264624254,Master,0
43,58074.17361082801,PhD,1
49,58405.27250251557,PhD,1
57,49615.08279980259,High School,0
21,45565.20107514711,Master,0
40,50826.559594450315,Bachelor,1
52,48090.88508611657,PhD,0
31,53129.74151816852,PhD,1
41,38057.29573154247,Bachelor,0
44,52771.81579358747,Master,1
46,42816.96583829251,High School,0
47,59058.876114905026,High School,1
35,43275.321506294844,PhD,0
34,43448.90232809068,Bachelor,0
22,54453.988244117405,PhD,1
56,50142.118888161975,Bachelor,0
26,72766.51626398838,High School,1
40,33706.97389445748,Master,0
28,51098.529469547444,Bachelor,1
58,61296.494849723706,High School,1
37,44216.86077072699,PhD,0
23,40894.4215526012,Bachelor,0
44,41291.353523536716,Master,0
33,33880.388203499155,PhD,0
28,63497.04627310695,PhD,1
45,46703.826581935915,High School,0
21,45519.7286019977,Bachelor,0
39,28759.019256698262,PhD,0
47,35662.914275381154,Master,0
26,64653.89755519094,Bachelor,1
27,53031.05666100579,Master,1
54,61665.00829925106,PhD,1
33,60399.9243982983,Master,1
36,39993.79719427059,High School,0
55,74298.47728653968,Master,1
59,69497.3259560123,Bachelor,1
23,44362.33557876965,Master,0
21,14317.947006401177,Master,0
25,46434.67910055923,High School,0
23,52382.96262121449,Master,1
48,44322.80965224309,Master,0
37,47784.77903315283,PhD,0
45,41713.41963662206,PhD,0
53,59216.34718353848,Bachelor,1
29,50636.33240368555,PhD,1
55,59515.14062942954,PhD,1
33,62222.03346207937,PhD,1
50,28256.76435913353,PhD,0
34,42294.777891658974,High School,0
27,43759.707063594564,PhD,0
33,75713.72359688784,High School,1
42,51490.053669003246,High School,1
59,58125.605963630645,PhD,1
40,31193.08230725489,Master,0
35,51432.154524975216,High School,1
37,59782.92982116257,Master,1
43,58619.65085060156,Master,1
45,56233.99438916352,PhD,1
44,50130.005064951256,Bachelor,0
48,50615.68620625451,PhD,1
34,33067.338252902104,Bachelor,0
20,40994.67114812856,Bachelor,0
44,52309.439563881635,PhD,1
26,42840.241930737946,PhD,0
28,56888.382470327844,Bachelor,1
43,54667.82550264862,PhD,1
20,63673.70254721994,Bachelor,1
27,59582.53826152571,Master,1
43,52272.61409134568,PhD,1
30,57479.80434061916,Master,1
36,60051.02162299656,High School,1
27,44925.62714092018,Master,0
54,46706.69001680198,Master,0
54,49031.73962606589,Bachelor,0
52,45244.6945583565,Master,0
24,60156.86945063484,PhD,1
58,43726.89458322696,Bachelor,0
47,62516.514713998244,High School,1
26,46330.268011196174,PhD,0
28,54723.966428393585,High School,1
27,51664.151487628886,Master,1
31,40240.20191708333,PhD,0
53,49801.1027050921,PhD,0
52,53336.43531450597,High School,1
42,49357.07312889502,PhD,0
43,36572.93441493716,PhD,0
56,67014.29243526171,PhD,1
54,50876.99482861736,Master,1
59,42056.974248364786,High School,0
41,66207.68023467275,PhD,1
46,56173.89809720325,Bachelor,1
54,37998.300035983906,Bachelor,0
20,39555.05253600121,Bachelor,0
54,47776.05280112158,Bachelor,0
56,52973.06978849822,Master,1
33,56227.99831463922,PhD,1
22,59501.784795285676,High School,1
20,55395.72406400143,PhD,1
24,63467.459786409956,Master,1
45,51267.9315968047,Bachelor,1
33,42403.60619521778,Master,0
58,49966.491303410265,PhD,0
46,49310.19339654208,High School,0
28,24217.845703375082,Master,0
34,44386.331409043414,High School,0
34,53142.03732950451,Master,1
45,45757.844347882135,High School,0
32,43537.90638177001,High School,0
51,59113.76195804564,Bachelor,1
58,40834.541752245605,High School,0
51,57116.22650470823,Bachelor,1
23,36672.555292117155,PhD,0
49,77607.61935726184,PhD,1
56,47843.14473098743,Bachelor,0
42,46767.34710703944,Bachelor,0
58,61430.65902889919,Master,1
34,45812.95159193551,Master,0
48,64549.278083256664,Master,1
55,53715.93830486527,PhD,1
32,48816.02099453771,Master,0
51,47749.94096629624,High School,0
26,62075.921704302615,High School,1
41,52304.87214603503,Master,1
47,54323.0873119077,High School,1
21,55410.01872603629,PhD,1
25,51329.36185222691,High School,1
47,55198.72226349983,PhD,1
47,48816.76577319009,Bachelor,0
39,49501.913681734244,Bachelor,0
49,38808.850719732916,Bachelor,0
30,52977.60250918397,Bachelor,1
47,32804.589932877796,High School,0
44,52835.58070610913,Master,1
58,47193.83983835186,High School,0
52,53745.85109450978,PhD,1
20,39511.71665918324,High School,0
46,28806.42631961358,High School,0
32,46491.346930264604,PhD,0
22,39540.873311429015,Bachelor,0
58,32194.433167895175,Bachelor,0
25,57679.8326969457,Bachelor,1
27,66012.38227142041,Master,1
46,42030.4856422545,PhD,0
28,49242.291727785465,PhD,0
56,46922.14383320187,High School,0
52,43411.01578023797,Master,0
43,56637.37213888021,Bachelor,1
34,60101.41460428618,Master,1
51,41313.928107343956,PhD,0
51,50447.66867094904,PhD,1
43,62845.33033933894,High School,1
31,56890.36203214972,High School,1
58,58376.97438400488,PhD,1
21,63679.85307442414,Bachelor,1
22,63548.4517237325,Bachelor,1
56,60286.42630303066,Master,1
36,51449.37414781181,PhD,1
21,46175.169825419085,PhD,0
21,51034.77765313185,Bachelor,1
47,44655.93313976632,Bachelor,0
42,30475.131269893176,PhD,0
56,47205.0093419996,High School,0
51,53575.2624383722,PhD,1
52,44127.30582233821,PhD,0
20,48072.20212761392,Bachelor,0
38,48459.63284033268,Bachelor,0
21,63568.56774218888,High School,1
45,46405.62725975098,High School,0
51,63566.333821834545,Master,1
25,22875.095081520263,PhD,0
51,63478.55781329036,Bachelor,1
23,62974.06114862624,High School,1
30,59022.54673389192,Master,1
36,29880.819967962285,Master,0
57,60188.869952224806,Bachelor,1
43,49498.80824324749,Bachelor,0
24,24706.6256007534,Master,0
53,62981.77707834696,High School,1
25,64441.73078548968,Master,1
41,30954.879281348287,PhD,0
30,51754.21075300113,PhD,1
35,63885.911214441825,Bachelor,1
52,62301.61313457147,High School,1
28,58360.61051159524,High School,1
25,23527.471201024913,PhD,0
35,57295.42766635814,Master,1
48,47818.961016260575,Bachelor,0
22,59958.57528718494,Master,1
39,52561.61458433825,Master,1
55,49801.18389711135,Master,0
38,56409.03849409236,High School,1
45,48280.86628928242,PhD,0
22,49757.22720108058,High School,0
38,44447.76000871238,PhD,0
39,33945.91008815438,Bachelor,0
51,55678.53473771271,Bachelor,1
26,41939.696803294304,Master,0
52,47992.08133959266,PhD,0
59,52869.73958453933,PhD,1
58,29147.82356434561,PhD,0
37,31386.510963231765,Master,0
59,47002.614233907974,Master,0
20,54545.63482299656,Bachelor,1
30,57440.38270649161,High School,1
47,34086.85504124093,PhD,0
44,56366.31484412815,PhD,1
42,47549.30381683663,High School,0
50,41168.42754903523,PhD,0
49,43514.48143940629,Master,0
54,58018.573320401665,Master,1
26,52740.057850855716,PhD,1
35,50503.065227553205,Master,1
45,52434.957388079,Master,1
21,59280.97776616194,PhD,1
20,49029.004325966765,Bachelor,0
31,50543.18886454237,High School,1
24,61381.70740137805,Master,1
56,46684.133757368414,Bachelor,0
51,56181.40595280682,Master,1
28,44962.955193268586,Master,0
54,45841.326585882154,High School,0
38,48959.50243200363,Master,0
35,55152.72852986766,High School,1
22,61941.81962551069,High School,1
39,50965.45263538775,High School,1
43,35001.63088676456,Bachelor,0
52,56314.462935339376,PhD,1
43,74538.42174145709,Bachelor,1
30,51086.688310673504,PhD,1
27,32912.323608204206,PhD,0
55,51696.528894708514,High School,1
57,49969.873968161606,Master,0
59,49128.911566376104,High School,0
39,59454.098999771326,Master,1
54,63782.74786335724,PhD,1
44,56835.85745201083,High School,1
54,48669.41915328932,Master,0
44,61256.78784369629,Bachelor,1
48,35061.70358785759,Master,0
37,42839.438792660054,High School,0
37,43953.722213982706,Bachelor,0
21,49690.493520680655,Master,0
54,55067.346624868376,Master,1
35,47992.87051662716,Master,0
55,40939.64205497725,Master,0
52,59748.5028469613,Master,1
23,47645.432777953065,Bachelor,0
52,51021.28920871034,PhD,1
33,55510.677454759076,Bachelor,1
40,50388.77607922947,Bachelor,1
39,50432.7169474429,Bachelor,1
27,60304.7342043583,PhD,1
26,51513.69474570376,High School,1
22,58627.96985790489,PhD,1
36,55446.674443183896,Bachelor,1
52,70168.87544186917,Master,1
31,54094.1341786913,Master,1
41,56379.73270150773,Bachelor,1
41,61016.56713996368,Master,1
49,50636.1775995017,Bachelor,1
57,43621.46903270559,Master,0
57,45258.54418876543,PhD,0
27,45354.93074497512,High School,0
46,40496.690318032815,High School,0
46,53178.05169201884,PhD,1
53,43704.83451950916,PhD,0
40,51948.52821201847,Bachelor,1
49,48413.25556289364,Bachelor,0
52,49583.78506707485,Bachelor,0
47,55560.56647828856,Master,1
52,44581.00875611452,Bachelor,0
24,56388.91045936773,PhD,1
38,65673.07866638953,High School,1
23,53431.09082951758,Master,1
54,42179.04314727531,Bachelor,0
36,43849.81988660204,Master,0
47,47517.37099214885,Master,0
49,44051.09702930434,Bachelor,0
48,40088.1969038995,Master,0
25,51544.07276961692,High School,1
54,47788.02668274201,PhD,0
56,51897.20883558058,PhD,1
43,61863.874122152876,High School,1
48,47636.471660756404,Master,0
50,38145.79995319689,Bachelor,0
54,46011.07507746449,Master,0
52,57704.25217116642,High School,1
40,56767.70270716955,Master,1
51,55186.39647613567,PhD,1
42,43752.93276837897,Master,0
52,57519.02618032698,High School,1
22,59768.99078037066,PhD,1
37,43045.78370110024,Master,0
44,49584.29902457476,Master,0
50,70204.01963682112,PhD,1
22,42601.25723536612,Bachelor,0
59,32949.13330756275,PhD,0
43,63829.04434464799,Bachelor,1
51,61366.0477170456,High School,1
41,45430.32676422575,High School,0
42,48870.082181319136,PhD,0
21,37750.64949811048,PhD,0
46,50889.52272609702,High School,1
21,61659.13715371401,Bachelor,1
45,44573.95158241722,High School,0
36,58771.019787862926,PhD,1
59,54637.238573904324,High School,1
52,55778.16890881139,PhD,1
28,45156.90819413632,PhD,0
58,46453.75817066506,High School,0
48,31532.275655285983,Bachelor,0
45,44333.30587489894,Master,0
54,61634.85458031259,High School,1
44,40706.67805897727,Master,0
43,42196.98346143095,High School,0
32,56401.89823707124,Master,1
26,54027.682919930936,Bachelor,1
55,56898.63249796301,Bachelor,1
39,38367.79459909596,High School,0
20,75640.57949300346,PhD,1
27,37842.4662583275,Master,0
35,51542.47313734068,PhD,1
33,48413.44504131414,PhD,0
31,38133.58482634953,PhD,0
42,46297.9057718675,Bachelor,0
34,50233.0760088587,High School,0
47,43500.267881365304,High School,0
53,59372.236215348494,Bachelor,1
21,48383.74254537529,Bachelor,0
51,36587.253289817134,High School,0
42,35738.74467330703,PhD,0
41,56061.65090611456,Master,1
44,35132.29217299664,Master,0
41,53164.26073049084,Master,1
41,54446.55185666959,PhD,1
25,40046.44636075983,High School,0
34,58907.380837748904,Bachelor,1
56,32822.06376238368,High School,0
52,52964.589339985585,PhD,1
27,49591.42066403991,Bachelor,0
24,48810.02024269106,PhD,0
58,38221.033570194275,Master,0
23,40629.77995600074,Master,0
25,66188.02025020598,PhD,1
51,62151.55008871754,Bachelor,1
49,57420.845885237984,Bachelor,1
54,59398.48103529688,High School,1
59,58460.13544671269,Master,1
35,46766.43787713791,High School,0
32,50476.035518143515,High School,1
49,35274.91621958991,PhD,0
38,49103.043731924736,PhD,0
36,61834.14249539187,High School,1
38,43392.927517428645,Master,0
47,60231.41204687226,PhD,1
45,50915.857386937634,High School,1
56,36146.281343302675,High School,0
45,38926.804866536884,High School,0
42,59193.02869707755,High School,1
28,55525.24085258385,High School,1
31,51017.64072987626,High School,1
20,47259.68185752055,PhD,0
20,52105.679776285855,Master,1
53,58802.96249253249,High School,1
51,64758.53280487285,Bachelor,1
44,65236.841994406044,PhD,1
59,53719.599007584984,PhD,1
20,48280.68309635479,High School,0
35,51462.48007818856,PhD,1
58,55221.203572550796,High School,1
24,55180.66943845092,Master,1
41,63079.86637140105,Master,1
48,71157.55721916654,PhD,1
22,47947.45370385914,PhD,0
31,71558.84908824462,Bachelor,1
45,61722.39246758394,PhD,1
35,48991.77009814792,Bachelor,0
56,64985.6483886508,Master,1
41,66856.48301419165,Master,1
48,45397.04555806153,High School,0
33,67322.15252485647,Master,1
47,60750.828210359636,Bachelor,1
24,73685.59127979192,PhD,1
49,45759.61418000501,High School,0
24,46465.73256264004,Bachelor,0
31,29733.3787025666,PhD,0
35,55711.93920567962,High School,1
45,53752.51255618718,Master,1
45,44370.06328464333,Bachelor,0
40,49181.49268511942,PhD,0
58,36887.78989824885,High School,0
55,61984.44952831686,High School,1
52,45103.005254716896,Master,0
49,80940.4901562095,PhD,1
56,48243.98699288967,Master,0
42,42403.8115895169,Master,0
29,45876.86881265138,PhD,0
24,35880.39023455749,PhD,0
55,54822.718907029426,PhD,1
53,45801.003002208774,Bachelor,0
50,61312.527903977374,PhD,1
29,47252.525048255826,High School,0
38,63844.421116856465,Master,1
51,57574.55749317041,Bachelor,1
20,50285.96776718344,PhD,1
24,65802.32587350822,Bachelor,1
23,59522.934610372096,PhD,1
35,79462.12826663225,Bachelor,1
43,45905.447550217956,Master,0
35,50766.161054584605,Master,1
21,65687.0901101093,High School,1
47,34564.621881648876,High School,0
51,63169.43563232562,PhD,1
46,54393.02757681471,Master,1
39,41117.89244552752,Bachelor,0
43,36369.60341448878,Bachelor,0
31,43275.10526869716,Bachelor,0
54,27151.80427674428,High School,0
52,45104.605563084966,Bachelor,0
52,56225.56333342582,High School,1
56,45236.99359031172,High School,0
31,63883.12701433808,PhD,1
22,66599.47602725288,Bachelor,1
20,62756.44482625774,Bachelor,1
52,52306.40910264365,Master,1
59,26753.207275135308,PhD,0
29,42963.02507967394,Master,0
48,48579.61473225613,PhD,0
32,41061.32350495189,Bachelor,0
31,48604.94524513429,High School,0
50,66100.6746869338,High School,1
21,33542.23470484682,High School,0
54,68116.92056119026,High School,1
42,58847.26421754137,High School,1
36,52682.16808277695,Master,1
45,42863.834442592364,PhD,0
27,41260.49654508574,Bachelor,0
48,33737.8228541126,Master,0
45,67167.65480314387,PhD,1
29,65376.11560074041,High School,1
45,35937.15371416718,PhD,0
53,44473.72005093798,PhD,0
26,54331.44769231909,High School,1
23,47004.90861827792,High School,0
30,30813.252429681823,High School,0
48,43422.27239444312,Bachelor,0
55,69510.34298020019,High School,1
44,44100.21409585556,Bachelor,0
40,48365.32663297793,High School,0
55,38548.22575964619,Bachelor,0
29,55877.62985283748,PhD,1
56,51151.51799024584,Master,1
28,42579.80258443022,PhD,0
43,36953.44604192575,PhD,0
54,64045.433740108754,High School,1
54,33944.5659335892,Bachelor,0
55,55038.15695589555,Master,1
37,28461.20755288427,High School,0
58,57072.11683012382,High School,1
51,59702.98887260061,High School,1
43,60947.83711639913,PhD,1
42,48387.91531430132,Bachelor,0
51,65840.03605563696,Bachelor,1
56,73077.91694996068,Master,1
31,46783.768639540365,Bachelor,0
32,45489.94969870072,Bachelor,0
42,51491.77260344935,High School,1
44,45223.19854105793,High School,0
54,43761.29803989879,PhD,0
49,44632.61459758491,High School,0
36,67157.56008006245,High School,1
39,57718.81995035432,High School,1
44,45190.53872741909,High School,0
41,25448.74974277714,PhD,0
32,34555.35506393533,High School,0
38,55034.290826018776,Master,1
55,28784.440586111825,Master,0
31,52929.93527451956,Master,1
38,39344.36275134975,Master,0
31,50918.057745806735,High School,1
28,50638.56301334143,Master,1
26,51205.899338907104,High School,1
47,46055.78152921479,PhD,0
33,45727.14374392268,Master,0
50,42792.09581063561,Bachelor,0
38,54838.9231724189,Master,1
35,58051.926747809484,Master,1
24,37810.27477463874,High School,0
54,49483.7152770773,Master,0
31,51965.82073487738,Bachelor,1
44,51837.71134623042,High School,1
40,51667.696195965174,High School,1
55,45979.65189654776,PhD,0
42,52790.30425462539,PhD,1
35,56180.2871098362,Master,1
58,51410.36655822564,PhD,1
58,55059.39836533724,PhD,1
33,59903.53411037507,PhD,1
50,31490.59642104732,High School,0
24,59434.638418653674,High School,1
54,53424.277652212746,High School,1
42,38883.746722612734,PhD,0
48,58024.70882319689,High School,1
30,46016.79093976038,PhD,0
37,47380.335636814474,High School,0
31,44923.20217534338,High School,0
28,53023.988442382244,Bachelor,1
29,42146.46857487947,Master,0
36,59014.74629947786,PhD,1
57,48611.374128053285,Bachelor,0
26,46357.975165120624,High School,0
32,57528.7567761397,PhD,1
59,46804.43237680919,High School,0
28,59481.76825362301,Master,1
46,59795.929508408655,Bachelor,1
21,36651.96161781023,Master,0
24,61092.60202222924,Bachelor,1
48,35379.64028498114,High School,0
56,61715.805268825105,Master,1
57,70283.57192230239,Master,1
38,58748.34438269131,High School,1
27,28430.193553003268,Master,0
20,60635.657193860185,PhD,1
41,72461.28965936012,Bachelor,1
36,46969.683590019704,Bachelor,0
26,49652.9667997011,Bachelor,0
44,38115.13278073568,PhD,0
23,53120.79418819669,Bachelor,1
55,62691.77182543129,High School,1
25,56977.37128149454,Master,1
50,81419.66977287798,PhD,1
38,50330.270429657976,Bachelor,1
58,33693.266325847355,High School,0
46,51709.70971568219,Master,1
29,25835.482347875102,Master,0
45,44668.96075135486,PhD,0
38,66243.82058600213,PhD,1
58,53251.33648631771,PhD,1
22,51794.16812831269,High School,1
32,68207.80376715356,High School,1
47,47294.0010833663,PhD,0
39,62618.20412934109,Bachelor,1
47,51293.0697516634,Master,1
27,53800.47463459026,Master,1
58,37826.95144136987,High School,0
20,45179.53205171783,Master,0
22,36024.817671561264,Bachelor,0
32,49047.54921774655,Master,0
47,53904.023439162665,High School,1
44,38899.61894908548,High School,0
52,70491.78922684822,Bachelor,1
57,52781.060190919605,Bachelor,1
25,50577.95585585219,Master,1
51,57696.57751345625,Master,1
40,41710.71919134078,High School,0
35,51634.774791674536,Bachelor,1
40,42831.337796424086,Bachelor,0
30,65586.79910088982,Bachelor,1
56,39413.60650602919,Master,0
55,50631.65459307173,Bachelor,1
54,53293.15785151775,High School,1
38,53948.25744407701,High School,1
39,44187.64826917168,Master,0
37,41044.905978549024,PhD,0
33,44332.04826953901,Master,0
34,55283.254342102824,PhD,1
50,48561.54229088037,Bachelor,0
20,57962.08808452522,Master,1
22,54770.03719395073,High School,1
35,27230.873019003924,Bachelor,0
42,52474.977968372106,High School,1
30,72504.5476781627,Bachelor,1
31,63252.69051038331,Master,1
29,54220.131607069685,PhD,1
51,39406.07869530056,Bachelor,0
35,54775.53716125646,PhD,1
27,57397.49939878259,Bachelor,1
57,47462.533191724164,High School,0
31,53167.42058804438,High School,1
43,65096.62458396041,Bachelor,1
47,41427.255802582746,PhD,0
27,39417.00395040873,Master,0
47,56926.99325994213,Master,1
55,54575.426361980804,High School,1
45,60288.382954128116,Master,1
27,55697.938119037695,High School,1
47,44322.449368258065,Master,0
47,54321.92651465405,Bachelor,1
56,38578.734567038264,High School,0
55,47496.81288267006,High School,0
46,55027.99230966404,Bachelor,1
36,46394.8578327611,High School,0
28,74680.52182229827,Master,1
52,31078.157511763333,Master,0
39,44525.096430011894,High School,0
32,40622.2016613009,Master,0
47,42996.51192542046,PhD,0
48,43570.017765191216,High School,0
32,36735.79313141007,Bachelor,0
54,57527.021485726276,PhD,1
25,44529.04702612899,High School,0
37,51635.73335588655,Bachelor,1
24,45651.74238089755,Master,0
44,43091.1958771379,Bachelor,0
21,66722.7923608685,PhD,1
29,59229.321822094076,Master,1
49,31317.99600044855,High School,0
24,30258.625516641132,Master,0
52,60426.08835636487,High School,1
20,44801.46608451246,High School,0
37,33509.17666065777,Bachelor,0
51,60457.35132540341,Bachelor,1
30,51691.240500990905,Bachelor,1
40,52515.71084832319,PhD,1
45,58095.39272005908,PhD,1
44,36900.22841717606,Bachelor,0
41,33684.99178615835,PhD,0
46,65809.54294903202,Master,1
32,35628.332392577075,Master,0
52,37777.62202924436,PhD,0
53,39775.64620454234,PhD,0
54,70799.45923690523,Master,1
20,54933.83300411522,High School,1
40,59654.0797443538,Master,1
25,51961.675455787285,Master,1
47,43981.12788798766,PhD,0
36,56312.91283260168,Master,1
24,34433.840292031964,PhD,0
50,39047.16547903505,PhD,0
24,57329.751792614814,Bachelor,1
57,36427.4476917322,Master,0
22,48109.18530838127,High School,0
42,48564.87655644588,Bachelor,0
56,44713.37996662838,PhD,0
56,30488.81525151143,PhD,0
29,43710.71108811307,High School,0
29,41750.31623067515,PhD,0
38,51614.39863287699,Master,1
36,51104.90538699469,Bachelor,1
40,53779.61459936874,PhD,1
33,43240.137270256026,PhD,0
28,55227.779504658916,High School,1
20,34439.93267226317,Master,0
32,31780.95267347646,PhD,0
23,26644.272758333722,High School,0
20,45007.027604280025,PhD,0
59,42467.01775661443,High School,0
51,57893.156118546,High School,1
53,43513.3741295113,Master,0
47,52733.76347944267,PhD,1
50,58132.96576583077,Master,1
27,43136.80924350884,High School,0
58,52980.52210107176,Bachelor,1
45,60019.27548955195,PhD,1
53,37618.372251944325,Bachelor,0
22,50248.523382446445,PhD,0
31,43179.656168006855,Master,0
20,38255.101175068616,Master,0
24,34635.48259509771,Master,0
49,38093.514278213,Master,0
49,50600.29005752012,Master,1
36,33891.55544438253,Bachelor,0
42,44492.72975911363,Master,0
34,58131.944068528974,High School,1
56,54490.10963418936,High School,1
40,44694.92377061843,Bachelor,0
33,66896.90413358723,PhD,1
21,68930.3641391166,High School,1
30,50261.22431539726,PhD,1
58,25314.570841156918,Bachelor,0
57,58864.4819701626,PhD,1
53,27060.236599664146,PhD,0
57,64761.46110720066,PhD,1
53,60835.84900742299,PhD,1
37,67742.1250413802,Bachelor,1
49,52602.65558367727,High School,1
34,46386.142328181624,Master,0
46,45498.98866309776,PhD,0
53,44537.39828969103,High School,0
57,59810.68653674703,High School,1
52,57122.71489505878,Bachelor,1
43,51202.25633434213,High School,1
34,42778.18692073028,Bachelor,0
49,76292.12631300272,PhD,1
36,59123.746139628696,PhD,1
24,34022.88080226591,Master,0
48,44837.43984062873,Master,0
23,59317.760974087054,Master,1
29,42004.61078767316,High School,0
36,53515.47958825889,PhD,1
29,59507.96300336148,Bachelor,1
36,16115.719173436068,Master,0
39,48919.623002107495,Bachelor,0
43,49312.09153565122,Bachelor,0
24,45879.27544316211,Master,0
53,53016.95134946041,PhD,1
25,56575.196074958745,Master,1
21,51420.50944324609,Bachelor,1
32,46261.72605950568,Master,0
30,56326.2129978427,Bachelor,1
42,50490.53409274357,Bachelor,1
35,47692.99586804522,Master,0
50,36877.206146610806,High School,0
30,34373.452147339216,Master,0
35,36687.7020728593,High School,0
27,52783.29061220215,Bachelor,1
23,49209.21252393648,Bachelor,0
59,35197.15901792537,High School,0
23,56459.17825793811,Bachelor,1
44,63743.09513179095,High School,1
22,44015.06383283664,High School,0
51,32590.18142631626,Bachelor,0
22,42908.73615098087,PhD,0
46,58544.60626794694,High School,1
48,55485.29858534774,Master,1
51,40775.67313988521,Master,0
38,65211.72137764742,Bachelor,1
40,63482.80065926399,PhD,1
24,42669.93936723359,Bachelor,0
37,42567.09997035033,PhD,0
47,44071.720626205104,High School,0
41,44926.67224611454,High School,0
40,59505.38007928444,High School,1
25,54253.29060476594,High School,1
20,58770.787693505874,Master,1
24,56735.651431867,Master,1
31,67145.27068193731,Bachelor,1
45,39406.14456190859,PhD,0
53,53803.585303839165,High School,1
33,28261.787437653024,High School,0
45,36830.444259031414,PhD,0
46,49251.46614065153,PhD,0
28,54182.06612754536,Bachelor,1
45,48981.8425797043,PhD,0
41,44328.07581187322,High School,0
49,46105.82122506962,High School,0
36,63694.40976424104,High School,1
45,46159.67822119859,High School,0
55,67492.41622043528,High School,1
20,57940.17073541133,Bachelor,1
27,54575.373461482304,High School,1
54,38064.03089679004,Bachelor,0
34,59352.38161399627,High School,1
41,45062.294222515004,Master,0
33,38055.602419943,Master,0
45,55128.43613079377,Master,1
47,36120.5393943346,Master,0
42,42377.58537870418,Bachelor,0
33,49898.840885310885,Bachelor,0
43,72184.21424114727,PhD,1
21,43130.842442075125,High School,0
45,45417.834806994244,Master,0
33,57323.45054421645,Bachelor,1
26,37617.04311623954,High School,0
22,54428.063810209154,High School,1
42,62059.26807616588,Bachelor,1
37,46929.051152888984,Master,0
57,60261.542813968656,PhD,1
54,52914.49923211806,High School,1
34,42693.18036196219,PhD,0
44,48021.95314103494,Master,0
56,46202.42660019758,Master,0
47,49123.617421835224,PhD,0
29,51527.178992198285,Master,1
58,55881.99934971857,High School,1
36,55086.682495871355,PhD,1
58,25682.86428737852,Master,0
41,49026.91811227973,PhD,0
45,34905.78086593238,High School,0
44,47242.72747532674,Master,0
36,48762.1041218908,High School,0
32,59761.48358084709,Master,1
39,49698.84532899901,Bachelor,0
44,52592.1801834326,Master,1
23,57930.56380657429,PhD,1
29,62277.522598193,Master,1
22,48769.860766430895,High School,0
37,50941.794416804085,High School,1
55,50100.23302242254,Master,0
41,44574.010355689235,PhD,0
53,42308.8477655761,Bachelor,0
27,27281.140835740647,PhD,0
59,39233.3906547567,Bachelor,0
38,32213.691667901963,High School,0
56,62551.98484453252,PhD,1
25,51884.16008297428,Bachelor,1
45,48740.610270531666,Master,0
53,42825.14813918919,High School,0
25,50297.79263234624,Master,1
56,41520.20122344666,High School,0
52,51740.18556620603,PhD,1
41,52457.33982921353,PhD,1
40,41386.16297643256,High School,0
25,41195.38035177594,High School,0
25,59621.993545951176,High School,1
23,49471.400457086995,PhD,0
49,42189.79570735109,Bachelor,0
30,46294.93698310481,Master,0
49,39894.05913293393,Master,0
50,49328.16419338083,PhD,0
43,58316.283076644686,Master,1
28,49723.293324057384,High School,0
22,73636.33443675385,Bachelor,1
50,54213.59568049001,Master,1
59,52299.544478422125,Bachelor,1
56,40916.978690341944,High School,0
55,47614.66553157333,Master,0
43,42209.86156966308,PhD,0
50,28343.547715958764,Bachelor,0
25,59742.622221288075,High School,1
21,44885.494444497686,Bachelor,0
39,42395.99925666694,Master,0
47,52105.70033958465,Master,1
30,55124.99552221517,PhD,1
23,46792.251670937214,High School,0
34,49973.983323909815,High School,0
25,57461.874073144034,PhD,1
49,46398.064053900525,PhD,0
57,53023.33741763334,High School,1
21,33407.5538161085,Bachelor,0
34,37586.81001572251,Bachelor,0
30,56055.397780804036,PhD,1
27,37064.41360832701,Bachelor,0
45,52341.37547113296,High School,1
24,48530.012178029276,Master,0
25,46355.327374797715,Master,0
45,41715.37231032272,Bachelor,0
23,59093.40018105376,PhD,1
38,67298.91154519835,PhD,1
39,53001.921626001946,PhD,1
52,53224.90715672817,PhD,1
39,43176.69370142506,PhD,0
31,38039.0276817562,Bachelor,0
20,49602.61095193825,Master,0
45,40262.50352041924,Master,0
33,32273.89871684178,Bachelor,0
57,58034.45812365582,PhD,1
56,58521.66788251833,Bachelor,1
30,41411.61227046906,Master,0
55,52439.64321279244,High School,1
32,60019.52267791767,Bachelor,1
22,52050.26687061879,PhD,1
52,38068.45353901267,Master,0
25,47671.06586762901,Master,0
29,63268.09420041991,Master,1
24,52470.266436051126,Master,1
42,55391.321031828054,PhD,1
29,53416.292193691144,High School,1
21,41444.88642021747,Master,0
32,43791.54780717357,Bachelor,0
59,53388.651570517424,High School,1
21,58168.71780020408,Master,1
39,60999.049509178825,High School,1
20,41418.94455231806,Bachelor,0
56,54331.20534677194,Master,1
28,61870.44111718977,Bachelor,1
36,40129.182297119776,PhD,0
28,64867.47135799774,Master,1
30,66389.40827344189,Master,1
34,76250.8633962166,Master,1
43,52309.33440829995,Master,1
57,52364.24676262448,PhD,1
54,58269.94389117318,Master,1
49,57978.026730494166,High School,1
50,61263.66860995606,Master,1
24,57840.33180465104,PhD,1
33,48939.38090961961,Master,0
30,62219.97120973502,High School,1
28,39287.45850307275,PhD,0
53,50058.523367253765,PhD,0
31,65637.35616049799,High School,1
54,37497.53501879681,High School,0
54,43225.24343002837,High School,0
20,56717.472910772914,High School,1
59,53939.11973236152,High School,1
41,41249.74592343755,PhD,0
48,45838.0599726986,PhD,0
27,38192.179373496605,Master,0
30,59804.849995205725,Master,1
56,47441.18642329468,Bachelor,0
33,67921.55910760633,Master,1
49,50811.00244040022,Master,1
54,47802.59696597123,High School,0
40,46831.78238708202,High School,0
56,47558.00164807572,Master,0
24,51108.21095133803,Bachelor,1
38,75124.07576578319,High School,1
33,46611.40329900641,Master,0
45,46936.465392286904,Master,0
23,50655.938456831784,PhD,1
44,60902.745063442606,Bachelor,1
44,35790.15438927221,PhD,0
37,54550.927369096455,Bachelor,1
59,41825.74823978838,High School,0
27,55532.72688950949,Bachelor,1
58,45062.40057639544,Master,0
59,26958.976602427134,Master,0
33,53695.77602687485,Bachelor,1
51,53611.447703468686,Bachelor,1
57,44209.1969152057,Bachelor,0
52,43616.561398569975,PhD,0
42,36886.27274912348,Bachelor,0
34,57730.99941538872,High School,1
52,58822.15782466808,PhD,1
44,41209.491148241104,PhD,0
36,44600.65540461149,Bachelor,0
52,49367.10878861036,High School,0
21,72708.65281035547,PhD,1
33,55451.21747588932,Master,1
59,40565.844849916204,PhD,0
59,53037.80309490505,Bachelor,1
58,36233.08459361918,High School,0
25,57179.90309916171,Bachelor,1
25,66755.47393544485,Master,1
22,66797.91685083958,Master,1
26,57348.93503474339,Master,1
27,44165.8764413187,Bachelor,0
34,36990.98243485874,PhD,0
48,35997.94956630891,Bachelor,0
52,21937.82890501457,High School,0
49,56938.557630079216,PhD,1
58,48971.644797756,Master,0
46,59092.161664531275,Bachelor,1
55,64280.31485234788,Master,1
48,50999.055439024094,Master,1
57,51459.616097131504,High School,1
52,45356.796555025336,PhD,0
56,46539.15582827592,High School,0
46,57284.69912472934,High School,1
52,48256.249696346895,High School,0
23,46809.923332471764,Master,0
41,49816.83140557149,High School,0
21,58863.30196061589,High School,1
29,43073.384421698975,PhD,0
24,49334.71482447967,PhD,0
29,52452.7783777843,High School,1
52,61602.219035852395,PhD,1
57,47607.03223200581,PhD,0
32,42821.76613948278,High School,0
50,45156.39055727645,Master,0
55,60530.574330153795,High School,1
43,70333.05298603464,PhD,1
34,36862.42186313967,Master,0
48,39046.983849301425,Bachelor,0
27,48312.03213297855,Master,0
24,51109.560960680436,PhD,1
48,57869.69565554995,Master,1
23,41088.66991398514,High School,0
31,39368.90963350536,Bachelor,0
21,51380.8715313363,Bachelor,1
46,47415.99279792832,Bachelor,0
50,59267.20997771525,PhD,1
55,54873.598031903835,PhD,1
55,55553.79347633219,Bachelor,1
45,48955.18653623133,Master,0
46,73555.80258568206,Bachelor,1
24,41622.5201840624,Master,0
39,56108.09833754775,Master,1
30,37303.100129268925,PhD,0
29,39265.323222605475,Master,0
59,43926.54401234545,Bachelor,0
57,66293.23336618025,PhD,1
25,52638.94430454019,High School,1
27,44095.21931455625,High School,0
42,53744.36325954573,PhD,1
45,50351.478814245085,Bachelor,1
31,45080.2663086088,High School,0
45,36033.711442117725,High School,0
32,64385.4248451229,Master,1
59,52098.18128710042,Master,1
37,71737.38373468239,Bachelor,1
44,59403.2162054088,PhD,1
52,55513.19724761043,Bachelor,1
59,45647.95671383033,PhD,0
31,39046.54436143083,High School,0
55,47822.69015511553,Master,0
23,38757.07405794169,Bachelor,0
24,56501.90380730754,Bachelor,1
56,66326.5249769713,PhD,1
27,47390.8773388287,PhD,0
47,59444.90972391197,Bachelor,1
50,43107.70929783143,PhD,0
28,46975.33161792649,Bachelor,0
48,41850.36015434557,Bachelor,0
